<?xml version="1.0" encoding="utf-8"?>
<extension type="plugin" version="2.5" group="system" method="upgrade">
	
	<name>JoomShopping EMT</name>
	<creationDate>01.04.2020</creationDate>
	<version>1.0.0</version>
	<author>emailtools</author>
	<authorEmail>admin@emailtools.ru</authorEmail>
	<authorUrl>https://emailtools.ru</authorUrl>
	<copyright>Copyright (C) 2019 Emailtools. All rights reserved.</copyright>
	<license>GNU General Public License</license>
	<description>EMT plugin for JoomShopping</description> 

	<updateservers>
		<server type="extension" name="JoomShopping EMT Updates">https://emailtools.ru/media/emtplugins/jshoppingemt.xml</server>
	</updateservers>

	<files>
		<filename plugin="jshoppingemt">jshoppingemt.php</filename>
		<filename>emtapi.php</filename>
		<filename>index.html</filename>
	</files>

	<config>
		<fields name="params">
			<fieldset name="basic">
				<field
                    name="apikey"
                    type="text"
                    default="0"
                    label="Код клиента / apikey"
                    description="Добавьте домен в сервис emailtools и скопируйте код клиента / apikey" /> 

                <field
					name="addlogs"
					type="list"
					default="1"
					label="Включить лог"
					description="/plugins/system/jshoppingemt/logs/jshoppingemt_{номер_недели}.log"
					required="true"
					filter="">
					<option
						value="1">Включено</option>
					<option
						value="0">Выключено</option>
				</field>

			</fieldset>
		</fields>
	</config>



</extension>